<metadata xml:lang="en"><Esri><MetaID>{8A9FF94D-451C-4BC5-97E0-B23BFF4C5B09}</MetaID><CreaDate>20060801</CreaDate><CreaTime>10171600</CreaTime><SyncOnce>FALSE</SyncOnce><DataProperties><lineage><Process Name="AssignDomainToField_2" ToolSource="C:\Program Files\ArcGIS\ArcToolbox\Toolboxes\Data Management Tools.tbx\AssignDomainToField" Date="20060801" Time="101716">AssignDomainToField "Database Connections\Connection to SLCIPUAPP1.sde\pu_sde.SDE.SEWER\PU_SDE.SDE.sgmain" PRIVATE PRIVATE # "Database Connections\Connection to SLCIPUAPP1.sde\pu_sde.SDE.SEWER\PU_SDE.SDE.sgmain"</Process><Process Name="AssignDomainToField_37" ToolSource="C:\Program Files\ArcGIS\ArcToolbox\Toolboxes\Data Management Tools.tbx\AssignDomainToField" Date="20060801" Time="123455">AssignDomainToField "Database Connections\sde on pu_sde slcipuapp1.sde\pu_sde.SDE.SEWER\PU_SDE.SDE.sgmain" STATUS Status # "Database Connections\sde on pu_sde slcipuapp1.sde\pu_sde.SDE.SEWER\PU_SDE.SDE.sgmain"</Process><Process Name="AssignDomainToField_17" ToolSource="C:\Program Files\ArcGIS\ArcToolbox\Toolboxes\Data Management Tools.tbx\AssignDomainToField" Date="20060802" Time="101420">AssignDomainToField "Database Connections\sde on pu_sde slcipuapp1.sde\pu_sde.SDE.SEWER\PU_SDE.SDE.sgmain" MATERIAL "Sewer Pipe Material" # "Database Connections\sde on pu_sde slcipuapp1.sde\pu_sde.SDE.SEWER\PU_SDE.SDE.sgmain"</Process><Process ToolSource="C:\Program Files (x86)\ArcGIS\Desktop10.0\ArcToolbox\Toolboxes\Data Management Tools.tbx\CalculateField" Date="20120110" Time="145414">CalculateField "Sewer Main" MATERIAL "SDR 26 HDPE" VB #</Process><Process ToolSource="C:\Program Files (x86)\ArcGIS\Desktop10.0\ArcToolbox\Toolboxes\Data Management Tools.tbx\CalculateField" Date="20120110" Time="145445">CalculateField "Sewer Main" MATERIAL "SDR26 HDPE" VB #</Process><Process ToolSource="C:\Program Files (x86)\ArcGIS\Desktop10.0\ArcToolbox\Toolboxes\Data Management Tools.tbx\CalculateField" Date="20120110" Time="165811">CalculateField "Sewer Main" MATERIAL "SPIRO/RCP" VB #</Process><Process ToolSource="C:\Program Files (x86)\ArcGIS\Desktop10.0\ArcToolbox\Toolboxes\Data Management Tools.tbx\CalculateField" Date="20120111" Time="091643">CalculateField "Sewer Main" MATERIAL "SPI-CL100" VB #</Process><Process ToolSource="C:\Program Files (x86)\ArcGIS\Desktop10.0\ArcToolbox\Toolboxes\Data Management Tools.tbx\CalculateField" Date="20120111" Time="092314">CalculateField "Sewer Main" MATERIAL "SPI-CL100" VB #</Process><Process ToolSource="C:\Program Files (x86)\ArcGIS\Desktop10.0\ArcToolbox\Toolboxes\Data Management Tools.tbx\CalculateField" Date="20120111" Time="094421">CalculateField "Sewer Main" MATERIAL "PERMALOCK/RCP" VB #</Process><Process ToolSource="C:\Program Files (x86)\ArcGIS\Desktop10.0\ArcToolbox\Toolboxes\Data Management Tools.tbx\CalculateField" Date="20120126" Time="154931">CalculateField "Sewer Main" SIZE_TYPE "24 PERMA-LOC" VB #</Process><Process ToolSource="C:\Program Files (x86)\ArcGIS\Desktop10.0\ArcToolbox\Toolboxes\Data Management Tools.tbx\CalculateField" Date="20120126" Time="154949">CalculateField "Sewer Main" MATERIAL "PERMA-LOC PVC" VB #</Process><Process ToolSource="c:\program files (x86)\arcgis\desktop10.1\ArcToolbox\Toolboxes\Data Management Tools.tbx\CalculateField" Date="20130806" Time="154456">CalculateField "Sewer\Sewer Main" LENGTH [Shape.len] VB #</Process><Process ToolSource="c:\program files (x86)\arcgis\desktop10.1\ArcToolbox\Toolboxes\Data Management Tools.tbx\CalculateField" Date="20130904" Time="150214">CalculateField "Sewer\Sewer Main" MATERIAL "UNK" VB #</Process><Process ToolSource="c:\program files (x86)\arcgis\desktop10.1\ArcToolbox\Toolboxes\Data Management Tools.tbx\CalculateField" Date="20130904" Time="150846">CalculateField "Sewer\Sewer Main" SIZE 8 VB #</Process><Process ToolSource="c:\program files (x86)\arcgis\desktop10.1\ArcToolbox\Toolboxes\Data Management Tools.tbx\CalculateField" Date="20130904" Time="150918">CalculateField "Sewer\Sewer Main" MATERIAL "PVC Pipe" VB #</Process><Process ToolSource="c:\program files (x86)\arcgis\desktop10.1\ArcToolbox\Toolboxes\Data Management Tools.tbx\CalculateField" Date="20131015" Time="160624">CalculateField "Sewer\Sewer Main" Criticality 3 VB #</Process><Process ToolSource="c:\program files (x86)\arcgis\desktop10.1\ArcToolbox\Toolboxes\Data Management Tools.tbx\CalculateField" Date="20131015" Time="160947">CalculateField "Sewer\Sewer Main" Criticality 5 VB #</Process><Process ToolSource="c:\program files (x86)\arcgis\desktop10.1\ArcToolbox\Toolboxes\Data Management Tools.tbx\CalculateField" Date="20131015" Time="161128">CalculateField "Sewer\Sewer Main" Criticality 4 VB #</Process><Process ToolSource="c:\program files (x86)\arcgis\desktop10.2\ArcToolbox\Toolboxes\Data Management Tools.tbx\CalculateField" Date="20170628" Time="100639">CalculateField "Sewer\Sewer Main" LENGTH [Shape.len] VB #</Process><Process ToolSource="c:\program files (x86)\arcgis\desktop10.2\ArcToolbox\Toolboxes\Data Management Tools.tbx\CalculateField" Date="20171107" Time="154126">CalculateField "Sewer\Sewer Main" LENGTH [Shape.len] VB #</Process><Process ToolSource="c:\program files (x86)\arcgis\desktop10.5\ArcToolbox\Toolboxes\Data Management Tools.tbx\CalculateField" Date="20190114" Time="075429">CalculateField "Sewer\Sewer Main" PRIVATE "NO" VB #</Process><Process ToolSource="c:\program files (x86)\arcgis\desktop10.5\ArcToolbox\Toolboxes\Data Management Tools.tbx\CalculateField" Date="20191029" Time="144840">CalculateField "Sewer\Sewer Main" PRIVATE "YES" VB #</Process><Process ToolSource="c:\program files (x86)\arcgis\desktop10.6\ArcToolbox\Toolboxes\Data Management Tools.tbx\CalculateField" Date="20200327" Time="141352">CalculateField "SEWER\Sewer Mains" LENGTH [Shape.len] VB #</Process><Process ToolSource="c:\program files (x86)\arcgis\desktop10.6\ArcToolbox\Toolboxes\Data Management Tools.tbx\CalculateField" Date="20200408" Time="131725">CalculateField "SEWER\Sewer Mains" LENGTH [Shape.len] VB #</Process><Process ToolSource="c:\program files (x86)\arcgis\desktop10.7\ArcToolbox\Toolboxes\Data Management Tools.tbx\CalculateField" Date="20210413" Time="151628">CalculateField "Sewer\Sewer Main" INSTALLDATE 1/1/1893 VB #</Process><Process ToolSource="c:\program files (x86)\arcgis\desktop10.7\ArcToolbox\Toolboxes\Data Management Tools.tbx\CalculateField" Date="20210413" Time="151705">CalculateField "Sewer\Sewer Main" INSTALLDATE 1/1/1893 VB #</Process><Process ToolSource="c:\program files (x86)\arcgis\desktop10.7\ArcToolbox\Toolboxes\Data Management Tools.tbx\CalculateField" Date="20210413" Time="151740">CalculateField "Sewer\Sewer Main" INSTALLDATE "1/1/1893" VB #</Process><Process ToolSource="c:\program files\arcgis\pro\Resources\ArcToolbox\toolboxes\Conversion Tools.tbx\FeatureClassToFeatureClass" Date="20211122" Time="155243">FeatureClassToFeatureClass "SEWER\Sewer Mains" C:\Temp slc_sewermains.shp # "FNODE_ "FNODE_" true true true 4 Long 0 10,First,#,SEWER\Sewer Mains,FNODE_,-1,-1;TNODE_ "TNODE_" true true true 4 Long 0 10,First,#,SEWER\Sewer Mains,TNODE_,-1,-1;LPOLY_ "LPOLY_" true true true 4 Long 0 10,First,#,SEWER\Sewer Mains,LPOLY_,-1,-1;RPOLY_ "RPOLY_" true true true 4 Long 0 10,First,#,SEWER\Sewer Mains,RPOLY_,-1,-1;LENGTH "LENGTH" true true true 8 Double 8 38,First,#,SEWER\Sewer Mains,LENGTH,-1,-1;SGMAIN_ "SGMAIN_" true true true 4 Long 0 10,First,#,SEWER\Sewer Mains,SGMAIN_,-1,-1;SGMAIN_ID "SGMAIN_ID" true true true 4 Long 0 10,First,#,SEWER\Sewer Mains,SGMAIN_ID,-1,-1;SIZE "sgmain.SIZE" true true false 4 Float 2 4,First,#,SEWER\Sewer Mains,SIZE,-1,-1;PRIVATE "PRIVATE" true true false 3 Text 0 0,First,#,SEWER\Sewer Mains,PRIVATE,0,3;PROJECT_ "PROJECT_" true true false 15 Text 0 0,First,#,SEWER\Sewer Mains,PROJECT_,0,15;MATERIAL "MATERIAL" true true false 9 Text 0 0,First,#,SEWER\Sewer Mains,MATERIAL,0,9;SLOPE "SLOPE" true true false 4 Float 4 5,First,#,SEWER\Sewer Mains,SLOPE,-1,-1;SIZE_TYPE "SIZE_TYPE" true true false 20 Text 0 0,First,#,SEWER\Sewer Mains,SIZE_TYPE,0,20;LOCATION "LOCATION" true true false 255 Text 0 0,First,#,SEWER\Sewer Mains,LOCATION,0,255;INSTALLDATE "INSTALLDATE" true true false 8 Date 0 0,First,#,SEWER\Sewer Mains,INSTALLDATE,-1,-1;Enabled "Enabled" true true true 2 Short 0 5,First,#,SEWER\Sewer Mains,Enabled,-1,-1;FACILITYID "FACILITYID" true true false 35 Text 0 0,First,#,SEWER\Sewer Mains,FACILITYID,0,35" #</Process><Process ToolSource="c:\program files\arcgis\pro\Resources\ArcToolbox\toolboxes\Data Management Tools.tbx\CopyFeatures" Date="20220802" Time="112154">CopyFeatures "C:\Users\Tanay\Downloads\Salt Lake City\sewer_main_withID\slc_sewermains.shp" C:\Users\Tanay\OneDrive\Documents\ArcGIS\Projects\MyProject\MyProject.gdb\slc_sewermains # # # #</Process><Process ToolSource="c:\program files\arcgis\pro\Resources\ArcToolbox\toolboxes\Analysis Tools.tbx\Near" Date="20220803" Time="100125">Near slc_sewermains Springs_SLC "1000 Feet" NO_LOCATION NO_ANGLE Geodesic "NEAR_FID SPRING1000_NEAR_FID;NEAR_DIST SPRING1000_NEAR_DIST"</Process><Process ToolSource="c:\program files\arcgis\pro\Resources\ArcToolbox\toolboxes\Data Management Tools.tbx\DeleteField" Date="20220803" Time="100301">DeleteField slc_sewermains SPRING1000_NEAR_FID "Delete Fields"</Process><Process ToolSource="c:\program files\arcgis\pro\Resources\ArcToolbox\toolboxes\Analysis Tools.tbx\Near" Date="20220803" Time="100418">Near slc_sewermains Streams_SLC "1000 Feet" NO_LOCATION NO_ANGLE Geodesic "NEAR_DIST STREAM1000_NEAR_DIST"</Process><Process ToolSource="c:\program files\arcgis\pro\Resources\ArcToolbox\toolboxes\Data Management Tools.tbx\DeleteField" Date="20220803" Time="100940">DeleteField slc_sewermains NEAR_FID "Delete Fields"</Process><Process ToolSource="c:\program files\arcgis\pro\Resources\ArcToolbox\toolboxes\Analysis Tools.tbx\Near" Date="20220803" Time="101955">Near slc_sewermains Lakes_SLC "1000 Feet" NO_LOCATION NO_ANGLE Geodesic "NEAR_DIST LAKE1000_NEAR_DIST"</Process><Process ToolSource="c:\program files\arcgis\pro\Resources\ArcToolbox\toolboxes\Data Management Tools.tbx\DeleteField" Date="20220803" Time="102122">DeleteField slc_sewermains NEAR_FID "Delete Fields"</Process><Process ToolSource="c:\program files\arcgis\pro\Resources\ArcToolbox\toolboxes\Analysis Tools.tbx\Near" Date="20220804" Time="105103">Near slc_sewermains Schools_PreKto12_SLC "500 Feet" NO_LOCATION NO_ANGLE Geodesic "NEAR_DIST SCHOOL500_NEAR_DIST"</Process><Process ToolSource="c:\program files\arcgis\pro\Resources\ArcToolbox\toolboxes\Data Management Tools.tbx\DeleteField" Date="20220804" Time="105125">DeleteField slc_sewermains NEAR_FID "Delete Fields"</Process><Process ToolSource="c:\program files\arcgis\pro\Resources\ArcToolbox\toolboxes\Analysis Tools.tbx\Near" Date="20220804" Time="105217">Near slc_sewermains HealthCareFacilities_SLC "500 Feet" NO_LOCATION NO_ANGLE Geodesic "NEAR_DIST HEALTH500_NEAR_DIST"</Process><Process ToolSource="c:\program files\arcgis\pro\Resources\ArcToolbox\toolboxes\Data Management Tools.tbx\DeleteField" Date="20220804" Time="105233">DeleteField slc_sewermains NEAR_FID "Delete Fields"</Process><Process ToolSource="c:\program files\arcgis\pro\Resources\ArcToolbox\toolboxes\Analysis Tools.tbx\Near" Date="20220804" Time="110242">Near slc_sewermains AirportLocations_SLC "500 Feet" NO_LOCATION NO_ANGLE Planar "NEAR_DIST AIRHELIPORT500_NEAR_DIST"</Process><Process ToolSource="c:\program files\arcgis\pro\Resources\ArcToolbox\toolboxes\Data Management Tools.tbx\DeleteField" Date="20220804" Time="110306">DeleteField slc_sewermains NEAR_FID "Delete Fields"</Process><Process ToolSource="c:\program files\arcgis\pro\Resources\ArcToolbox\toolboxes\Conversion Tools.tbx\ExportFeatures" Date="20220804" Time="113417">ExportFeatures slc_sewermains "C:\Users\Tanay\Downloads\Salt Lake City\Updated_SLC_Sewermains\Updated_SLC_Sewermains.shp" # NOT_USE_ALIAS "FNODE_ "FNODE_" true true false 4 Long 0 0,First,#,slc_sewermains,FNODE_,-1,-1;TNODE_ "TNODE_" true true false 4 Long 0 0,First,#,slc_sewermains,TNODE_,-1,-1;LPOLY_ "LPOLY_" true true false 4 Long 0 0,First,#,slc_sewermains,LPOLY_,-1,-1;RPOLY_ "RPOLY_" true true false 4 Long 0 0,First,#,slc_sewermains,RPOLY_,-1,-1;LENGTH "LENGTH" true true false 8 Double 0 0,First,#,slc_sewermains,LENGTH,-1,-1;SGMAIN_ "SGMAIN_" true true false 4 Long 0 0,First,#,slc_sewermains,SGMAIN_,-1,-1;SGMAIN_ID "SGMAIN_ID" true true false 4 Long 0 0,First,#,slc_sewermains,SGMAIN_ID,-1,-1;SIZE "SIZE" true true false 4 Float 0 0,First,#,slc_sewermains,SIZE,-1,-1;PRIVATE "PRIVATE" true true false 3 Text 0 0,First,#,slc_sewermains,PRIVATE,0,3;PROJECT_ "PROJECT_" true true false 15 Text 0 0,First,#,slc_sewermains,PROJECT_,0,15;MATERIAL "MATERIAL" true true false 9 Text 0 0,First,#,slc_sewermains,MATERIAL,0,9;SLOPE "SLOPE" true true false 4 Float 0 0,First,#,slc_sewermains,SLOPE,-1,-1;SIZE_TYPE "SIZE_TYPE" true true false 20 Text 0 0,First,#,slc_sewermains,SIZE_TYPE,0,20;LOCATION "LOCATION" true true false 254 Text 0 0,First,#,slc_sewermains,LOCATION,0,254;INSTALLDAT "INSTALLDAT" true true false 8 Date 0 0,First,#,slc_sewermains,INSTALLDAT,-1,-1;Enabled "Enabled" true true false 4 Long 0 0,First,#,slc_sewermains,Enabled,-1,-1;FACILITYID "FACILITYID" true true false 35 Text 0 0,First,#,slc_sewermains,FACILITYID,0,35;Shape_Length "Shape_Length" false true true 8 Double 0 0,First,#,slc_sewermains,Shape_Length,-1,-1;SPRING1000_NEAR_DIST "SPRING1000_NEAR_DIST" true true false 8 Double 0 0,First,#,slc_sewermains,SPRING1000_NEAR_DIST,-1,-1;STREAM1000_NEAR_DIST "STREAM1000_NEAR_DIST" true true false 8 Double 0 0,First,#,slc_sewermains,STREAM1000_NEAR_DIST,-1,-1;LAKE1000_NEAR_DIST "LAKE1000_NEAR_DIST" true true false 8 Double 0 0,First,#,slc_sewermains,LAKE1000_NEAR_DIST,-1,-1;SCHOOL500_NEAR_DIST "SCHOOL500_NEAR_DIST" true true false 8 Double 0 0,First,#,slc_sewermains,SCHOOL500_NEAR_DIST,-1,-1;HEALTH500_NEAR_DIST "HEALTH500_NEAR_DIST" true true false 8 Double 0 0,First,#,slc_sewermains,HEALTH500_NEAR_DIST,-1,-1;AIRHELIPORT500_NEAR_DIST "AIRHELIPORT500_NEAR_DIST" true true false 8 Double 0 0,First,#,slc_sewermains,AIRHELIPORT500_NEAR_DIST,-1,-1" #</Process></lineage><itemProps><itemName Sync="TRUE">Updated_SLC_Sewermains</itemName><imsContentType Sync="TRUE">002</imsContentType><itemSize Sync="TRUE">0.000</itemSize><itemLocation><linkage Sync="TRUE">file://\\LAPTOP-FDTC89BQ\C$\Users\Tanay\Downloads\Salt Lake City\Updated_SLC_Sewermains\Updated_SLC_Sewermains.shp</linkage><protocol Sync="TRUE">Local Area Network</protocol></itemLocation></itemProps><coordRef><type Sync="TRUE">Projected</type><geogcsn Sync="TRUE">GCS_North_American_1983</geogcsn><csUnits Sync="TRUE">Linear Unit: Foot_US (0.304801)</csUnits><projcsn Sync="TRUE">NAD_1983_StatePlane_Utah_Central_FIPS_4302_Feet</projcsn><peXml Sync="TRUE">&lt;ProjectedCoordinateSystem xsi:type='typens:ProjectedCoordinateSystem' xmlns:xsi='http://www.w3.org/2001/XMLSchema-instance' xmlns:xs='http://www.w3.org/2001/XMLSchema' xmlns:typens='http://www.esri.com/schemas/ArcGIS/3.0.0'&gt;&lt;WKT&gt;PROJCS[&amp;quot;NAD_1983_StatePlane_Utah_Central_FIPS_4302_Feet&amp;quot;,GEOGCS[&amp;quot;GCS_North_American_1983&amp;quot;,DATUM[&amp;quot;D_North_American_1983&amp;quot;,SPHEROID[&amp;quot;GRS_1980&amp;quot;,6378137.0,298.257222101]],PRIMEM[&amp;quot;Greenwich&amp;quot;,0.0],UNIT[&amp;quot;Degree&amp;quot;,0.0174532925199433]],PROJECTION[&amp;quot;Lambert_Conformal_Conic&amp;quot;],PARAMETER[&amp;quot;False_Easting&amp;quot;,1640416.666666667],PARAMETER[&amp;quot;False_Northing&amp;quot;,6561666.666666666],PARAMETER[&amp;quot;Central_Meridian&amp;quot;,-111.5],PARAMETER[&amp;quot;Standard_Parallel_1&amp;quot;,39.01666666666667],PARAMETER[&amp;quot;Standard_Parallel_2&amp;quot;,40.65],PARAMETER[&amp;quot;Latitude_Of_Origin&amp;quot;,38.33333333333334],UNIT[&amp;quot;Foot_US&amp;quot;,0.3048006096012192],AUTHORITY[&amp;quot;EPSG&amp;quot;,3566]]&lt;/WKT&gt;&lt;XOrigin&gt;-119796900&lt;/XOrigin&gt;&lt;YOrigin&gt;-89212200&lt;/YOrigin&gt;&lt;XYScale&gt;37085786.435314134&lt;/XYScale&gt;&lt;ZOrigin&gt;-100000&lt;/ZOrigin&gt;&lt;ZScale&gt;10000&lt;/ZScale&gt;&lt;MOrigin&gt;-100000&lt;/MOrigin&gt;&lt;MScale&gt;10000&lt;/MScale&gt;&lt;XYTolerance&gt;0.0032808333333333331&lt;/XYTolerance&gt;&lt;ZTolerance&gt;0.001&lt;/ZTolerance&gt;&lt;MTolerance&gt;0.001&lt;/MTolerance&gt;&lt;HighPrecision&gt;true&lt;/HighPrecision&gt;&lt;WKID&gt;102743&lt;/WKID&gt;&lt;LatestWKID&gt;3566&lt;/LatestWKID&gt;&lt;/ProjectedCoordinateSystem&gt;</peXml></coordRef></DataProperties><SyncDate>20220804</SyncDate><SyncTime>11341500</SyncTime><ModDate>20220804</ModDate><ModTime>11341500</ModTime></Esri><idinfo><native Sync="TRUE">Microsoft Windows XP Version 5.1 (Build 2600) Service Pack 2; ESRI ArcCatalog 9.2.1.1332</native><descript><langdata Sync="TRUE">en</langdata><abstract>REQUIRED: A brief narrative summary of the data set.</abstract><purpose>REQUIRED: A summary of the intentions with which the data set was developed.</purpose></descript><citation><citeinfo><origin>REQUIRED: The name of an organization or individual that developed the data set.</origin><pubdate>REQUIRED: The date when the data set is published or otherwise made available for release.</pubdate><title Sync="TRUE">PU_SDE.SDE.sgmain</title><ftname Sync="TRUE">PU_SDE.SDE.sgmain</ftname><geoform Sync="TRUE">vector digital data</geoform><onlink Sync="TRUE">Server=slcipuapp1; Service=5155; Database=pu_sde; Version="SLCNT\NL6811".LORRIE'S</onlink></citeinfo></citation><timeperd><current>REQUIRED: The basis on which the time period of content information is determined.</current><timeinfo><sngdate><caldate>REQUIRED: The year (and optionally month, or month and day) for which the data set corresponds to the ground.</caldate></sngdate></timeinfo></timeperd><status><progress>REQUIRED: The state of the data set.</progress><update>REQUIRED: The frequency with which changes and additions are made to the data set after the initial data set is completed.</update></status><spdom><bounding><westbc Sync="TRUE">-112.036904</westbc><eastbc Sync="TRUE">-111.798975</eastbc><northbc Sync="TRUE">40.835106</northbc><southbc Sync="TRUE">40.701769</southbc></bounding><lboundng><leftbc Sync="TRUE">1491835.815915</leftbc><rightbc Sync="TRUE">1557518.712360</rightbc><bottombc Sync="TRUE">7424815.095467</bottombc><topbc Sync="TRUE">7473089.589464</topbc></lboundng></spdom><keywords><theme><themekt>REQUIRED: Reference to a formally registered thesaurus or a similar authoritative source of theme keywords.</themekt><themekey>REQUIRED: Common-use word or phrase used to describe the subject of the data set.</themekey></theme></keywords><accconst>REQUIRED: Restrictions and legal prerequisites for accessing the data set.</accconst><useconst>REQUIRED: Restrictions and legal prerequisites for using the data set after access is granted.</useconst><natvform Sync="TRUE">SDE Feature Class</natvform></idinfo><dataIdInfo><envirDesc Sync="TRUE">Microsoft Windows 10 Version 10.0 (Build 22000) ; Esri ArcGIS 13.0.0.36056</envirDesc><dataLang><languageCode Sync="TRUE" value="eng"/><countryCode value="USA" Sync="TRUE"></countryCode></dataLang><idCitation><resTitle Sync="TRUE">Updated_SLC_Sewermains</resTitle><presForm><PresFormCd Sync="TRUE" value="005"/></presForm></idCitation><spatRpType><SpatRepTypCd Sync="TRUE" value="001"/></spatRpType><dataExt><geoEle><GeoBndBox esriExtentType="native"><westBL Sync="TRUE">1491835.815915</westBL><eastBL Sync="TRUE">1557518.71236</eastBL><northBL Sync="TRUE">7473089.589464</northBL><southBL Sync="TRUE">7424815.095467</southBL><exTypeCode Sync="TRUE">1</exTypeCode></GeoBndBox></geoEle></dataExt><geoBox esriExtentType="decdegrees"><westBL Sync="TRUE">-112.036904</westBL><eastBL Sync="TRUE">-111.798975</eastBL><northBL Sync="TRUE">40.835106</northBL><southBL Sync="TRUE">40.701769</southBL><exTypeCode Sync="TRUE">1</exTypeCode></geoBox></dataIdInfo><metainfo><langmeta Sync="TRUE">en</langmeta><metstdn Sync="TRUE">FGDC Content Standards for Digital Geospatial Metadata</metstdn><metstdv Sync="TRUE">FGDC-STD-001-1998</metstdv><mettc Sync="TRUE">local time</mettc><metc><cntinfo><cntorgp><cntper>REQUIRED: The person responsible for the metadata information.</cntper><cntorg>REQUIRED: The organization responsible for the metadata information.</cntorg></cntorgp><cntaddr><addrtype>REQUIRED: The mailing and/or physical address for the organization or individual.</addrtype><city>REQUIRED: The city of the address.</city><state>REQUIRED: The state or province of the address.</state><postal>REQUIRED: The ZIP or other postal code of the address.</postal></cntaddr><cntvoice>REQUIRED: The telephone number by which individuals can speak to the organization or individual.</cntvoice></cntinfo></metc><metd Sync="TRUE">20070824</metd></metainfo><mdLang><languageCode Sync="TRUE" value="eng"/><countryCode value="USA" Sync="TRUE"></countryCode></mdLang><mdStanName Sync="TRUE">ISO 19115 Geographic Information - Metadata</mdStanName><mdStanVer Sync="TRUE">DIS_ESRI1.0</mdStanVer><mdChar><CharSetCd Sync="TRUE" value="004"/></mdChar><mdHrLv><ScopeCd Sync="TRUE" value="005"/></mdHrLv><mdHrLvName Sync="TRUE">dataset</mdHrLvName><distinfo><resdesc Sync="TRUE">Downloadable Data</resdesc></distinfo><distInfo><distributor><distorTran><onLineSrc><orDesc Sync="TRUE">002</orDesc><linkage Sync="TRUE">Server=slcipuapp1; Service=5155; Database=pu_sde; Version="SLCNT\NL6811".LORRIE'S</linkage><protocol Sync="TRUE">ArcSDE Connection</protocol></onLineSrc></distorTran><distorFormat><formatName Sync="TRUE">SDE Feature Class</formatName></distorFormat></distributor><distFormat><formatName Sync="TRUE">Shapefile</formatName></distFormat><distTranOps><transSize Sync="TRUE">0.000</transSize></distTranOps></distInfo><spdoinfo><direct Sync="TRUE">Vector</direct><ptvctinf><esriterm Name="Updated_SLC_Sewermains"><efeatyp Sync="TRUE">Simple</efeatyp><efeageom code="3" Sync="TRUE"></efeageom><esritopo Sync="TRUE">FALSE</esritopo><efeacnt Sync="TRUE">0</efeacnt><spindex Sync="TRUE">FALSE</spindex><linrefer Sync="TRUE">FALSE</linrefer></esriterm></ptvctinf></spdoinfo><spref><horizsys><cordsysn><geogcsn Sync="TRUE">GCS_North_American_1983</geogcsn><projcsn Sync="TRUE">NAD_1983_StatePlane_Utah_Central_FIPS_4302_Feet</projcsn></cordsysn><planar><planci><plance Sync="TRUE">coordinate pair</plance><plandu Sync="TRUE">survey feet</plandu><coordrep><absres Sync="TRUE">0.000512</absres><ordres Sync="TRUE">0.000512</ordres></coordrep></planci></planar><geodetic><horizdn Sync="TRUE">North American Datum of 1983</horizdn><ellips Sync="TRUE">Geodetic Reference System 80</ellips><semiaxis Sync="TRUE">6378137.000000</semiaxis><denflat Sync="TRUE">298.257222</denflat></geodetic></horizsys><vertdef><altsys><altenc Sync="TRUE">Explicit elevation coordinate included with horizontal coordinates</altenc><altres Sync="TRUE">1.000000</altres></altsys></vertdef></spref><refSysInfo><RefSystem><refSysID><identCode Sync="TRUE" code="3566">NAD_1983_StatePlane_Utah_Central_FIPS_4302_Feet</identCode><idCodeSpace Sync="TRUE">EPSG</idCodeSpace><idVersion Sync="TRUE">8.9.3(9.3.0.0)</idVersion></refSysID></RefSystem></refSysInfo><spatRepInfo><VectSpatRep><geometObjs Name="Updated_SLC_Sewermains"><geoObjTyp><GeoObjTypCd value="002" Sync="TRUE"></GeoObjTypCd></geoObjTyp><geoObjCnt Sync="TRUE">0</geoObjCnt></geometObjs><topLvl><TopoLevCd value="001" Sync="TRUE"></TopoLevCd></topLvl></VectSpatRep></spatRepInfo><eainfo><detailed Name="Updated_SLC_Sewermains"><enttyp><enttypl Sync="TRUE">Updated_SLC_Sewermains</enttypl><enttypt Sync="TRUE">Feature Class</enttypt><enttypc Sync="TRUE">0</enttypc></enttyp><attr><attrlabl Sync="TRUE">FID</attrlabl><attalias Sync="TRUE">FID</attalias><attrtype Sync="TRUE">OID</attrtype><attwidth Sync="TRUE">4</attwidth><atprecis Sync="TRUE">0</atprecis><attscale Sync="TRUE">0</attscale><attrdef Sync="TRUE">Internal feature number.</attrdef><attrdefs Sync="TRUE">Esri</attrdefs><attrdomv><udom Sync="TRUE">Sequential unique whole numbers that are automatically generated.</udom></attrdomv></attr><attr><attrlabl Sync="TRUE">FNODE_</attrlabl><attalias Sync="TRUE">FNODE_</attalias><attrtype Sync="TRUE">Integer</attrtype><attwidth Sync="TRUE">10</attwidth><atprecis Sync="TRUE">10</atprecis><attscale Sync="TRUE">0</attscale></attr><attr><attrlabl Sync="TRUE">TNODE_</attrlabl><attalias Sync="TRUE">TNODE_</attalias><attrtype Sync="TRUE">Integer</attrtype><attwidth Sync="TRUE">10</attwidth><atprecis Sync="TRUE">10</atprecis><attscale Sync="TRUE">0</attscale></attr><attr><attrlabl Sync="TRUE">LPOLY_</attrlabl><attalias Sync="TRUE">LPOLY_</attalias><attrtype Sync="TRUE">Integer</attrtype><attwidth Sync="TRUE">10</attwidth><atprecis Sync="TRUE">10</atprecis><attscale Sync="TRUE">0</attscale></attr><attr><attrlabl Sync="TRUE">RPOLY_</attrlabl><attalias Sync="TRUE">RPOLY_</attalias><attrtype Sync="TRUE">Integer</attrtype><attwidth Sync="TRUE">10</attwidth><atprecis Sync="TRUE">10</atprecis><attscale Sync="TRUE">0</attscale></attr><attr><attrlabl Sync="TRUE">LENGTH</attrlabl><attalias Sync="TRUE">LENGTH</attalias><attrtype Sync="TRUE">Double</attrtype><attwidth Sync="TRUE">19</attwidth><atprecis Sync="TRUE">0</atprecis><attscale Sync="TRUE">0</attscale></attr><attr><attrlabl Sync="TRUE">SGMAIN_</attrlabl><attalias Sync="TRUE">SGMAIN_</attalias><attrtype Sync="TRUE">Integer</attrtype><attwidth Sync="TRUE">10</attwidth><atprecis Sync="TRUE">10</atprecis><attscale Sync="TRUE">0</attscale></attr><attr><attrlabl Sync="TRUE">SGMAIN_ID</attrlabl><attalias Sync="TRUE">SGMAIN_ID</attalias><attrtype Sync="TRUE">Integer</attrtype><attwidth Sync="TRUE">10</attwidth><atprecis Sync="TRUE">10</atprecis><attscale Sync="TRUE">0</attscale></attr><attr><attrlabl Sync="TRUE">SIZE</attrlabl><attalias Sync="TRUE">SIZE</attalias><attrtype Sync="TRUE">Single</attrtype><attwidth Sync="TRUE">13</attwidth><atprecis Sync="TRUE">0</atprecis><attscale Sync="TRUE">0</attscale></attr><attr><attrlabl Sync="TRUE">PRIVATE</attrlabl><attalias Sync="TRUE">PRIVATE</attalias><attrtype Sync="TRUE">String</attrtype><attwidth Sync="TRUE">3</attwidth><atprecis Sync="TRUE">0</atprecis><attscale Sync="TRUE">0</attscale></attr><attr><attrlabl Sync="TRUE">PROJECT_</attrlabl><attalias Sync="TRUE">PROJECT_</attalias><attrtype Sync="TRUE">String</attrtype><attwidth Sync="TRUE">15</attwidth><atprecis Sync="TRUE">0</atprecis><attscale Sync="TRUE">0</attscale></attr><attr><attrlabl Sync="TRUE">MATERIAL</attrlabl><attalias Sync="TRUE">MATERIAL</attalias><attrtype Sync="TRUE">String</attrtype><attwidth Sync="TRUE">9</attwidth><atprecis Sync="TRUE">0</atprecis><attscale Sync="TRUE">0</attscale></attr><attr><attrlabl Sync="TRUE">SLOPE</attrlabl><attalias Sync="TRUE">SLOPE</attalias><attrtype Sync="TRUE">Single</attrtype><attwidth Sync="TRUE">13</attwidth><atprecis Sync="TRUE">0</atprecis><attscale Sync="TRUE">0</attscale></attr><attr><attrlabl Sync="TRUE">SIZE_TYPE</attrlabl><attalias Sync="TRUE">SIZE_TYPE</attalias><attrtype Sync="TRUE">String</attrtype><attwidth Sync="TRUE">20</attwidth><atprecis Sync="TRUE">0</atprecis><attscale Sync="TRUE">0</attscale></attr><attr><attrlabl Sync="TRUE">LOCATION</attrlabl><attalias Sync="TRUE">LOCATION</attalias><attrtype Sync="TRUE">String</attrtype><attwidth Sync="TRUE">254</attwidth><atprecis Sync="TRUE">0</atprecis><attscale Sync="TRUE">0</attscale></attr><attr><attrlabl Sync="TRUE">Shape</attrlabl><attalias Sync="TRUE">Shape</attalias><attrtype Sync="TRUE">Geometry</attrtype><attwidth Sync="TRUE">0</attwidth><atprecis Sync="TRUE">0</atprecis><attscale Sync="TRUE">0</attscale><attrdef Sync="TRUE">Feature geometry.</attrdef><attrdefs Sync="TRUE">ESRI</attrdefs><attrdomv><udom Sync="TRUE">Coordinates defining the features.</udom></attrdomv></attr><attr><attrlabl Sync="TRUE">INSTALLDAT</attrlabl><attalias Sync="TRUE">INSTALLDAT</attalias><attrtype Sync="TRUE">Date</attrtype><attwidth Sync="TRUE">8</attwidth><atprecis Sync="TRUE">0</atprecis><attscale Sync="TRUE">0</attscale></attr><attr><attrlabl Sync="TRUE">Enabled</attrlabl><attalias Sync="TRUE">Enabled</attalias><attrtype Sync="TRUE">Integer</attrtype><attwidth Sync="TRUE">10</attwidth><atprecis Sync="TRUE">10</atprecis><attscale Sync="TRUE">0</attscale></attr><attr><attrlabl Sync="TRUE">FACILITYID</attrlabl><attalias Sync="TRUE">FACILITYID</attalias><attrtype Sync="TRUE">String</attrtype><attwidth Sync="TRUE">35</attwidth><atprecis Sync="TRUE">0</atprecis><attscale Sync="TRUE">0</attscale></attr><attr><attrlabl Sync="TRUE">Shape_Leng</attrlabl><attalias Sync="TRUE">Shape_Leng</attalias><attrtype Sync="TRUE">Double</attrtype><attwidth Sync="TRUE">19</attwidth><atprecis Sync="TRUE">0</atprecis><attscale Sync="TRUE">0</attscale></attr><attr><attrlabl Sync="TRUE">SPRING1000</attrlabl><attalias Sync="TRUE">SPRING1000</attalias><attrtype Sync="TRUE">Double</attrtype><attwidth Sync="TRUE">19</attwidth><atprecis Sync="TRUE">0</atprecis><attscale Sync="TRUE">0</attscale></attr><attr><attrlabl Sync="TRUE">STREAM1000</attrlabl><attalias Sync="TRUE">STREAM1000</attalias><attrtype Sync="TRUE">Double</attrtype><attwidth Sync="TRUE">19</attwidth><atprecis Sync="TRUE">0</atprecis><attscale Sync="TRUE">0</attscale></attr><attr><attrlabl Sync="TRUE">LAKE1000_N</attrlabl><attalias Sync="TRUE">LAKE1000_N</attalias><attrtype Sync="TRUE">Double</attrtype><attwidth Sync="TRUE">19</attwidth><atprecis Sync="TRUE">0</atprecis><attscale Sync="TRUE">0</attscale></attr><attr><attrlabl Sync="TRUE">SCHOOL500_</attrlabl><attalias Sync="TRUE">SCHOOL500_</attalias><attrtype Sync="TRUE">Double</attrtype><attwidth Sync="TRUE">19</attwidth><atprecis Sync="TRUE">0</atprecis><attscale Sync="TRUE">0</attscale></attr><attr><attrlabl Sync="TRUE">HEALTH500_</attrlabl><attalias Sync="TRUE">HEALTH500_</attalias><attrtype Sync="TRUE">Double</attrtype><attwidth Sync="TRUE">19</attwidth><atprecis Sync="TRUE">0</atprecis><attscale Sync="TRUE">0</attscale></attr><attr><attrlabl Sync="TRUE">AIRHELIPOR</attrlabl><attalias Sync="TRUE">AIRHELIPOR</attalias><attrtype Sync="TRUE">Double</attrtype><attwidth Sync="TRUE">19</attwidth><atprecis Sync="TRUE">0</atprecis><attscale Sync="TRUE">0</attscale></attr></detailed></eainfo><mdDateSt Sync="TRUE">20220804</mdDateSt></metadata>
